#,category,question,image_link,ANSWER SCRIPT,description,generated_caption
1,CRM Integrations,How does Revola integrate with existing tools and platforms we currently use in our sales and marketing stack?,CRM Integrations,"I connect with CRMs like Salesforce, HubSpot, Pipedrive, and Zoho — and push qualified leads into your pipeline instantly.

I log every conversation and can trigger workflows to sync with your campaigns — no manual effort needed.

And yes, you can rename me to match your brand. I’ll still work the same: fast, integrated, and hands-free.","Reva integrates seamlessly with CRMs like Salesforce, HubSpot, Pipedrive, and Zoho to keep your pipeline in perfect sync. She pushes qualified leads directly into your CRM, so your sales team can act on them instantly. Every conversation and engagement is automatically logged, giving you a full view of each lead’s journey without lifting a finger.

Reva can also trigger automated workflows across your marketing tools, aligning outreach with campaigns and lead sources in real time. With everything connected, you get tighter lead management, more personalized engagement, and zero data gaps.","Reva enables frictionless integration with sales and marketing tools by instantly pushing leads to your CRM, logging every interaction, and triggering automated workflows. This results in synchronized pipelines, transparent visibility of the customer journey, and more precise, personalized communication. By automatically aligning outreach and campaigns in real time, Reva eliminates data gaps and empowers teams to act on qualified leads immediately. The end result is streamlined lead management and enhanced engagement across platforms.; The visual shows a dark, starry background with the headline ""Seamless CRM Integrations"" in bold letters at the top. Below the headline, there are four distinct rectangular sections arranged horizontally, each highlighting a benefit: ""Push Leads Instantly"" with a two-gear icon, ""Auto Log Conversations"" with a chat bubble icon, ""Trigger Marketing Workflows"" with a gear and circular arrows icon, and ""Personalised Engagement"" with a target and user icon. The Revola logo is present in the top-right corner."
2,Account Based Marketing,How does Revola support Account-Based Marketing (ABM) and help personalize outreach for target accounts?,Account Based Marketing,"I’m built for Account-Based Marketing.

I spot in-market companies, find the right stakeholders, and send personalized outbound emails — complete with a “Meet Now” button that launches a real-time pitch.

Every conversation is tailored to the account, role, and context — so it feels personal, not generic.

That’s how I help you build a parallel pipeline — without adding headcount. And yes, you can rename me to match your brand.","Reva powers Account-Based Marketing by identifying in-market accounts and engaging the right people, instantly. Every week, she surfaces top accounts showing buying intent, maps relevant stakeholders, and sends personalized outbound emails tailored to each role and business context.

Each email and message includes a ‘Meet Now’ button that launches a live voice and visual pitch. Reva adapts her conversations in real time, ensuring every interaction feels relevant and high-converting. It’s how you build a parallel pipeline without adding headcount.","Revola streamlines Account-Based Marketing by helping businesses identify in-market accounts, mapping key stakeholders, and enabling highly personalized outreach. The platform surfaces top accounts with buying intent and sends individualized emails tailored to each recipient's role and context. Each message contains a 'Meet Now' button for immediate voice and visual pitches, ensuring timing and relevance. Reva adapts in real time to maximize engagement and conversion, helping build a robust pipeline without hiring additional staff.; The image shows a dark starry background with the Revola logo in the top right. The title “Account Based Marketing” is positioned prominently at the top. Below the title are four vertical panels, each containing a white icon and bold text: “Stakeholder Mapping” with a network diagram icon, “Identifies Buying Signals” with a radio tower icon, “Personalised Outreach” with a megaphone and network icon, and “Instant Engagement” with a monitor showing a live video chat."
3,Customer Support,What kind of customer support and training does Revola provide to help our team effectively utilize the platform?,Customer Support,"You won’t be on your own — I come fully supported.

From onboarding to day-to-day performance, you’ll have 24/7 email support and a team that helps fine-tune how I work over time.

Training is personalized using your content, so I speak your language and match your brand.

When you deploy me, I’m aligned with your goals from day one — no setup stress, just results.","Reva comes with hands-on support and structured training to set your team up for success. You get 24/7 email support for any technical or platform questions. A dedicated support team helps you monitor performance and refine Reva’s responses over time.

Training includes a clear onboarding checklist and a detailed implementation guide that walks you through every phase, from setup to Reva going live. Best of all, Reva is trained using your own content, so she speaks your language from day one. With this approach, your team gets the guidance, tools, and confidence to scale quickly.","Revola delivers comprehensive customer support and training to ensure teams successfully adopt and utilize the platform. Support includes 24/7 email help, a dedicated support team for monitoring and refining performance, and training tailored to your own content. The onboarding process is structured via a checklist and implementation guide, empowering teams to smoothly take Reva live. This approach builds confidence and provides the tools needed to scale quickly and efficiently.; The image features a dark starry background with the heading ""Customer Support"" in bold white letters at the top. Below, four vertical panels each display a title and an icon: ""Guided Onboarding"" with an icon of a person surrounded by workflow symbols, ""Training Content"" with a brain and circuit lines, ""Performance Optimization"" with a speedometer and rising arrow, and ""Dedicated Success Manager"" with a gear containing a user figure. The ""revola"" logo is in the top right corner."
4,Reporting & Analytics,What analytics and reporting features does Revola provide to track engagement success and ROI?,Analytics,"I give you full visibility into performance — in real time.

You can track engagement, conversions, lead quality, and ABM response — all through a dashboard with exportable reports.

It’s everything you need to measure success and prove ROI, without digging through data.","Reva gives your team real-time visibility into what’s working — and what’s not. From total interactions and session duration to click-throughs, CTAs, and conversion-to-meeting rates, everything is tracked and visualized in your Reva dashboard.

You’ll also see insights on lead qualification, scoring, and ABM outreach performance. Whether you're optimizing in real time or reviewing historical trends, Reva makes it easy to steer your strategy with data.","Revola provides comprehensive analytics and reporting features to help teams track engagement success and ROI efficiently. Users gain real-time insights into various metrics, such as engagement, conversion, outreach, and lead qualification, all visualized in the Reva dashboard. The platform offers detailed views of total interactions, session durations, click-through rates, CTAs, and conversion-to-meeting rates. These features empower teams to make data-driven decisions, optimize strategies in real time, and review historical trends with ease.; The image shows a dark, star-speckled background with four tall, rectangular sections labeled ""Engagement Metrics,"" ""Conversion Insights,"" ""Outreach Tracking,"" and ""Interactive Dashboard."" Each section contains a corresponding white line icon: two people at a table chatting, a magnifying glass over charts and gears, a megaphone connected to three people, and a computer screen displaying graphs. The word ""Analytics"" appears in bold at the top left, and the Revola logo is in the top right corner."
5,Data Security & Compliance,What measures does Revola take to ensure data security and compliance with industry regulations?,Security & Compliance,"Your data stays secure with us.

Everything is encrypted in transit and at rest, with strict role-based access controls. We follow GDPR and CCPA guidelines, and support clear data retention policies — so your data stays protected, private, and fully compliant.","Reva is built with enterprise-grade security and compliance at the core. All data is encrypted in transit and at rest, and Role-Based Access Control ensures only authorized users can access sensitive information.

Reva also follows strict data retention policies and operates within a GDPR- and CCPA-compliant architecture, so your customer interactions stay protected and aligned with global privacy regulations.","Revola ensures data security and compliance by implementing robust encryption for data both in transit and at rest, enforcing role-based access control to restrict sensitive data to authorized users, and operating within strict retention policies. The platform is designed to meet GDPR and CCPA standards, ensuring customer data remains protected and managed according to global privacy regulations. Their enterprise-ready infrastructure supports these measures, providing comprehensive safeguards across all operations. These initiatives reflect Revola’s commitment to enterprise-grade security and regulatory compliance.;

The image features a slide with a dark, starry background and the title ""Security & Compliance"" in large, bold white letters at the top. Below the title are four adjacent rectangular panels, each with white iconography and text: the first says ""GDPR & CCPA Compliant"" with a GDPR padlock icon; the second says ""Enterprise Ready Infrastructure"" with a server rack icon; the third says ""Encrypted Data Handling"" with a digital shield and circuit lines icon; and the fourth says ""Role-Based Access"" with an unlocked padlock and person icon. The revola logo appears in the upper right corner."
6,Lead Qualification Process,How does Revola utilize AI to analyze target accounts and identify high-value customers?,Lead Qualification,"I help you focus on the right accounts at the right time.

By analyzing behavior, intent signals, and CRM data, I identify high-value opportunities and key decision-makers. I use custom logic to score intent, route hot leads, and keep refining your ideal customer profile as I learn from every interaction.","Reva helps your team focus on the right accounts at the right time.
She analyzes behavioral signals, market data, and CRM insights to identify high-potential accounts and key decision-makers. Reva applies custom qualification logic, including the BANT framework (Budget, Authority, Need, Timeline), to score each lead’s readiness.

By combining real-time intent signals with structured qualification, she routes hot leads instantly and continuously refines your Ideal Customer Profile (ICP) based on actual engagement outcomes. The result: smarter prioritization and faster conversions.","Revola leverages AI to streamline lead qualification by analyzing behavioral signals, market data, and CRM insights to pinpoint high-value accounts and key decision-makers. The system uses custom qualification frameworks, like BANT, to assess leads and prioritize those most ready to convert. Real-time intent signals are combined with structured logic to ensure hot leads are routed instantly to sales teams. Additionally, Revola’s AI continually adjusts the Ideal Customer Profile (ICP) using real engagement outcomes, leading to smarter targeting and quicker conversions.; The image displays a dark, starry background with the title ""Lead Qualification"" at the top in large white text. Four rectangular panels are arranged horizontally, each with a white icon and descriptive heading: ""Behavior & Intent Signal"" (with a radio tower icon), ""BANT Framework"" (with a funnel and people icon), ""Route Hot Leads"" (with a flowchart-like icon of a person and arrows), and ""Refine ICP"" (with a hand and gears icon). The slide maintains a consistent purple color scheme and minimalistic, modern design."
7,Product Scalability,"How scalable is the solution for handling an increasing volume of leads, and what performance guarantees can you provide?",Scalability,"I scale as fast as your pipeline grows.

Whether it’s 10 leads or 10,000, I can handle thousands of conversations at once with no lag — thanks to our cloud-native backend. I auto-scale with demand, so your experience stays fast, reliable, and seamless — even during peak traffic.","Reva scales effortlessly as your pipeline grows.
Whether you're handling 10 or 10,000 leads, Reva manages thousands of simultaneous conversations without lag, powered by a cloud-native backend designed for high concurrency and low latency.

She automatically scales server and processing resources based on real-time demand, ensuring high availability, redundancy, and a consistently smooth experience. That means your campaigns can grow without bottlenecks or manual provisioning.","Reva offers seamless scalability to accommodate increasing volumes of leads, leveraging a cloud-native backend for high concurrency and low latency. The platform dynamically adjusts server resources in real-time, ensuring uninterrupted performance whether you’re managing a small or large pipeline. High availability and redundancy are built-in, guaranteeing that your campaigns remain smooth and bottleneck-free as they grow. This solution eliminates manual provisioning and ensures a consistently reliable experience for all users.; The image is a slide with a dark, starry background and the title “Scalability” in bold white text at the top left. The slide is divided into four equally-sized vertical panels, each featuring a heading, an icon, and a brief label: the first panel shows a box with an upward arrow and reads ""Scales with Volume,"" the second has a cloud with connected devices labeled ""Cloud-Native Backend,"" the third features a 24/7 clock within a circular arrow and says ""High Availability,"" and the fourth shows a bar chart with connected dots and a stopwatch titled ""Real-Time Adaptability."" The upper right corner displays the Revola logo."
8,Onboarding Process,"What is the average timeline for onboarding and implementation of the AI Agent, and what resources are required from our end?",Onboarding,"Getting started with me is fast and structured.

Most teams go live in under four weeks. You’ll just need to share your product docs, sales assets, and preferences — I’ll handle the rest. I will trained using your content, aligned to your goals, and fine-tuned before launch.

The clearer your messaging, the faster I start booking qualified meetings.","Reva's onboarding is fast, collaborative, and structured for impact.
The process is designed to get your team live in four weeks:

Week 1: Kickoff and content handover

Week 2: Reva is trained using your materials, followed by initial testing

Week 3: Soft launch with quality checks

Week 4: Performance review and iteration

By the end of week four, most teams see their first qualified meetings and inbound engagement.

To get started, you'll receive access to our onboarding portal where you can upload product documentation, sales assets, FAQs, language preferences, and discount codes. Reva is then trained on this content, with oversight from our team to ensure alignment with your goals.

For best results, share clear, organized materials, define your target personas and use cases, and focus messaging around benefits. A live onboarding call with a success manager is also available if needed.","The onboarding and implementation of the AI Agent, Reva, is designed to be streamlined and efficient, with a structured four-week process that ensures your team is set up for success quickly. Week 1 focuses on kickoff and document sharing, followed by agent training and testing in week 2. The third week is dedicated to a soft launch where the agent goes live, and week 4 centers on reviewing performance and making iterations. Essential resources from your end include uploading relevant documentation, sales assets, and other materials to the onboarding portal, with optional live onboarding support available. By the end of the fourth week, teams can expect to experience benefits such as qualified meetings and inbound engagement.; The image is a dark-themed slide titled ""Onboarding"" at the top left and features the revola logo at the top right. It visually breaks down the onboarding process into four vertical columns labeled ""Week 1"" through ""Week 4"". Each week has its own box with an icon and descriptive text: Week 1 has a document icon with “Kickoff & Doc Sharing”, Week 2 has a gear and wrench icon for “Agent Training & Testing”, Week 3 has a “LIVE” broadcast icon for “Go Live - Soft Launch”, and Week 4 has a report and magnifying glass icon for “Review & Iteration”. A faint arrow runs through the weeks, signaling a sequential process."
9,Contract Terms,What are the contract terms?,Contract Terms,"Our contract terms are simple and flexible.

Standard plans run for 12 months, with a flat $2,000 fee if you need to exit early — to cover onboarding and setup. We can also support add-ons like outbound expansion, multilingual flows, or help with content. Just tell me what you need, and I’ll walk you through it.","Reva’s subscription terms are transparent and flexible to support confident decision-making.
Standard subscriptions run for 12 months, giving you consistency in rollout, performance tracking, and ROI measurement.

If you decide to cancel early, there's a flat early termination fee of $2,000 to help recover onboarding, customization, and support costs.

Revola also offers flexible options like assisted documentation setup, custom flow development, higher outbound volume, or multilingual Reva support. Our team is happy to guide you through the right setup.","Reva’s subscription model is designed for clarity and flexibility, featuring a standard 12-month term that enables reliable performance tracking and ROI assessment. Users benefit from transparent terms including a flat early cancellation fee of $2,000, which covers onboarding and support costs. The company further offers flexible customization, multilingual support, and assisted documentation setup tailored to individual client needs. The structure is geared toward supporting confident, long-term decision-making for customers. Revola’s team provides ongoing guidance to ensure the optimal configuration for clients. ; The slide features a dark starry background with the bold white title ""Contract Terms"" at the top and the ""revola"" logo in the upper right. Below, three large, separated squares each contain a key contract term with a descriptive icon: ""1 Year Subscription"" has a circular flow chart with a checkmark, calendar, and dollar sign; ""Flat Exit Fee"" uses a doorway with an arrow pointing outward; ""Automatic Renewals"" shows a circular arrow around a dollar sign. The layout is clean, graphic, and visually balanced."
10,After Sales Services,What ongoing support does Revola offer post-implementation to ensure the successful utilization of the AI Agent in our sales processes?,After Sales Services,"We're here to support you long after launch.

You’ll get 24/7 email support and a Customer Success Manager to help review performance, refine messaging, and guide improvements over time. We also come with ongoing training and resources — so your team keeps getting value as we grow together.","Revola provides comprehensive post-sale support to ensure lasting success with Reva.
You’ll have access to 24/7 email support for technical issues and general queries. A Customer Success Manager is available to lead regular check-ins, monitor performance, and help optimize Reva’s messaging and flows based on engagement insights.

In addition, we offer ongoing training and support resources to help your team continuously improve outcomes. These services ensure you get strategic guidance, responsiveness, and long-term value from the platform.","Revola delivers robust ongoing support for its AI Agent, ensuring clients experience long-term benefits and seamless utilization in sales processes. The company offers continuous agent refinement, enabling the platform to evolve alongside business needs. Dedicated Customer Success Managers provide hands-on guidance, conduct regular check-ins, and help optimize strategies using engagement analytics. Ongoing training resources and 24/7 support access further guarantee responsiveness and strategic direction for users, leading to lasting platform value.; The image features a dark starry background with the Revola logo at the top right and the title “After Sales Service” in bold white letters at the top center. Below the title, four evenly spaced rectangular sections each contain a large white icon and a bold heading. From left to right, these read: “Agent Refinement” with an icon of gears and a pointing hand, “Dedicated Success Manager” with a handshake and clock/gears, “Long-term Enablement” with a hand holding a clock inside a circular arrow, and “Support Access” with a 24/7 clock symbol encircled by arrows."
11,Product Customizations,Can we customize the AI agent's scripts or the user interface to better align with our branding and messaging?,Agent Customization,"Yes — I can be fully customized to match your brand.

You can edit my scripts, flows, and responses to reflect your messaging and value props. Visually, you can apply your logo, colors, and slides to create a seamless branded experience for every customer.","Reva is customizable to reflect your brand and sales strategy.
You can tailor scripts, flows, and responses to match your messaging, tone, and value propositions. Reva supports brand voice alignment, persona-based content, and custom playbooks, ensuring every interaction feels consistent and on-brand.

Visually, you can apply your logo, colors, and slides to deliver a seamless, branded experience from the first touchpoint to the final demo.","Reva offers comprehensive customization for your AI agent, allowing you to tailor scripts, flows, and responses to reflect your brand messaging and sales strategy. The platform enables alignment with your preferred tone, supports brand voice consistency, and offers persona-driven content and custom playbooks. This ensures every customer interaction feels unique, consistent, and on-brand, from initial engagement to final demo. Visual branding, including your logo and color palette, can also be integrated for a seamless experience.; The image shows a purple, starry background with four dark, semi-transparent boxes arranged horizontally. Each box contains a bold white title and a simple line icon: the first box has gears and a hand symbol for ""Tone & Script Tailoring,"" the second shows silhouettes with chat bubbles and a thumbs-up for ""Brand Voice Alignment,"" the third has an ID badge icon for ""Persona Based Content,"" and the fourth displays a target with people inside it for ""Custom Playbooks."" At the top left is the heading ""Agent Customization"" in large font, and the top right features a white ""revola"" logo and rocket icon."
12,AI Sales Agent,How does the AI agent function and what tasks can they handle during live customer interactions?,AI Sales Agent,"I don’t just talk — I pitch, present, and personalize in real time.

I run voice-driven demos with dynamic visuals, adapt my messaging to each role or industry, and answer questions on the spot. Every lead gets a tailored sales meeting — instantly, and at scale.","Reva doesn’t just chat, she runs real sales meetings to qualify leads. 
She delivers voice-led demos with visual presentations, adapts messaging based on the buyer’s role or industry, and responds to questions in real time. Every lead gets a tailored experience the moment they engage.

With Reva, you get live customer interaction, real-time lead qualification, dynamic content delivery, and automated identification of intent signals, all at scale.","Reva, the AI sales agent, elevates customer engagement by running live, interactive sales meetings that qualify leads in real time. She adapts her conversations and presentations to suit each buyer’s role and industry, delivering personalized voice-led demos with tailored visual content. Reva can dynamically interact with customers, pinpoint their intent, and qualify leads automatically at scale. This ensures every engagement is customized and efficient, transforming traditional customer interactions into high-impact sales opportunities.; The image features a dark, starry background with the heading ""AI Sales Agent"" at the top. Below, four rectangular sections each display a labeled white icon and bold text: ""Dynamic Presentations"" with a presentation board, ""Live Customer Interaction"" with a person and a screen showing another avatar, ""Identifies Intent Signals"" with a radio tower, and ""Lead Qualification"" with a funnel filtering people. The ""revola"" logo appears in the top right corner."
13,Pricing,What is your pricing?,Pricing,"Here’s how pricing works.

I start at $2,000/month — that includes one Revola Flow, CRM integration, analytics, and 24/7 support. Right now, there’s a limited-time offer: just a 3-month commitment to get started.

And if you subscribe soon, I can also start doing outbound reachouts as part of the package — with 100 accounts and 500 outbound messages each month. Want to see how it fits your sales process? I can walk you through it.","Reva’s pricing is simple and built to scale with your pipeline.
The current subscription is $2,000/month and includes the Reva AI Sales Qualification Agent, CRM integration (if supported), full analytics, and 24/7 support.

For a limited time, you can get started with just a 3-month subscription instead of the standard 12-month term. This current offer also includes outbound capabilities, with up to 100 target accounts and 500 outbound interactions per month, at no extra cost.

Reva’s pricing reflects the value she brings in faster qualification, increased demo conversions, and pipeline growth, all without expanding your team.","Reva’s pricing is straightforward and designed to scale with your business pipeline, offering a $2,000/month subscription that includes the AI Sales Qualification Agent, CRM integration, full analytics, and 24/7 support. For a limited period, new customers can sign up for just a 3-month subscription instead of the usual 12-month contract. This current offer also grants free access to outbound capabilities—supporting up to 100 monthly target accounts and 500 outbound interactions per month—with no extra cost. The pricing structure underscores the value Reva delivers in speeding up qualification, increasing demo conversion rates, and growing pipeline without needing to expand your team.; 
The image has a dark, starry background with a bold white text on the left stating ""Simple pricing plan."" On the center and right, there are two translucent rectangles: the left one details the “Revola AI Sales Agent” at $2,000/month and lists four features paired with check icons (“1 Revola Flow,” “Reports & Analytics,” “CRM Integrations,” “24/7 Support”). The right rectangle highlights a limited-time offer, crossing out ""12-month contract"" and featuring ""3-month contract"" with checks, and advertises free access to ""Revola Outbound Agent"" with additional checks denoting ""100 Monthly Accounts"" and ""500 Monthly Outbound Interactions."" The Revola logo is in the upper right corner."
14,Features,What features does Revola have?,Features,"I’m built to help you engage, qualify, and convert leads — automatically.

I talk to inbound leads 24/7, in their language, and qualify them in real time. I can also run targeted outbound campaigns based on your Ideal Customer Profile, track engagement, and show you exactly what’s working — all without adding more reps.","Reva is built to help you engage, qualify, and convert leads, automatically.
She handles inbound lead qualification 24/7 with real-time, multilingual conversations tailored to each visitor. Reva also runs targeted outbound campaigns based on your Ideal Customer Profile, performs account research, and initiates outreach at scale.

Her dashboard tracks customer behavior, surfaces frequently asked questions, and generates detailed reports, so you always know what’s working and where to optimize.","Revola’s features are designed to automate lead engagement, qualification, and conversion, while providing real-time, multilingual support for visitors. The platform enables businesses to run targeted outreach campaigns, conduct account research, and initiate scalable communication based on their ideal customer profiles. Additionally, Revola offers robust analytics and reporting tools for tracking customer behavior and optimizing processes. Its dashboard provides detailed insights, frequently asked questions, and performance reports, ensuring users can monitor and refine their strategies effectively.; 
The image has a dark, starry background with the word ""Features"" at the top in large, bold white text. There are four vertical rectangular panels, each with a headline and an icon: ""Inbound Lead Qualification"" with a funnel and people icon, ""24/7 Multilingual Engagement"" with chat bubbles and a language symbol, ""Account Research & Outreach"" with a network and megaphone icon, and ""Analytics & Reporting"" with a rising chart icon. The revola logo is in the upper right corner."
15,BANT Qualification,What is BANT Qualification? ,BANT Score,"I qualify leads using the BANT framework — Budget, Authority, Need, and Timeline.

I ask smart questions during the conversation, analyze responses, and bucket leads as Sales Ready, Nurture, Disqualified, or Dropped Off. You can also customize the scoring to match your sales process.","Reva qualifies leads in real time using the BANT framework. Budget, Authority, Need, and Timeline.
During conversations, she asks context-aware questions, analyzes responses, and sorts leads into categories like Sales Ready, Nurture, Disqualified, or Dropped Off.

You can also define custom scoring logic to align with your sales process, ensuring qualification fits your unique pipeline and priorities.","The BANT qualification process helps Reva identify and score leads in real time according to Budget, Authority, Need, and Timeline, ensuring only the most suitable leads progress. She asks targeted questions during conversations, then evaluates answers and places each lead into categories like Sales Ready, Nurture, Disqualified, or Dropped Off. This process can be tailored with custom scoring to fit any sales pipeline. The system’s flexibility ensures alignment with unique business priorities. Overall, Reva streamlines and automates lead qualification, making it more efficient and relevant. ; The image is a dark-themed slide with the title “BANT Score” at the top center. It features three main square sections horizontally arranged: The first shows an icon of people going through a funnel with a magnifying glass and text “Real-Time Qualification,” the second has a speedometer-style gauge with stars and text “Custom Scoring Logic,” and the third displays geometric shapes being sorted into buckets with text “Lead Bucketing System.” In the upper right corner, there is a small logo and the brand name “revola.”"
16,Content Update,What if we update our product or pitch?,,"If your product or messaging changes, just upload the new content — I retrain instantly.

No reprogramming, no downtime. I stay fully aligned with your latest pitch, just like a well-trained team member would.",,N/A - No image filename
17,Converstion Rates,How do you help reduce no-shows?,,"I reduce no-shows by confirming meetings the moment they’re booked and sending reminders before the call.

Because I engage leads when their interest is highest, they’re far more likely to show up. It’s smart, timely follow-up that keeps your pipeline moving.",,N/A - No image filename
18,Technical Accuracy,How do you handle technical product questions?,,"I’m trained on your product docs, FAQs, and demos — so I can handle most technical questions during a live conversation.

If something’s too complex or sensitive, I know when to escalate it to your team — no guesswork, just clear, accurate answers.",,N/A - No image filename
19,Lead Movement,Can the agent hand off the customer to a human instantly?,,"If a lead asks for a human or shows strong intent, I’ll collect their email and key details, then alert your team right away.

The lead is flagged and prioritized on the platform — so your team knows exactly who to follow up with, and when. No one slips through the cracks.",,N/A - No image filename
