#,category,question,answer,image_link,generated_caption
1,Product Features,What does Cirrascale specialize in?,"Great question! Cirrascale specializes in high-performance, cloud-based infrastructure built for AI innovation. Whether you're developing, training, or running inference workloads, our platform is designed to maximize performance, reduce bottlenecks, and accelerate time-to-market for AI projects.",AI Infrastructure.png,"Cirrascale is dedicated to providing high-performance, cloud-based infrastructure solutions tailored for advancing AI innovation. Their platform supports users in developing, training, and running inference workloads efficiently, aiming to remove bottlenecks and accelerate AI project timelines. The company emphasizes maximizing computational performance for both new and established AI initiatives. Their expertise covers every stage from initial AI model creation to operational deployment and scaling. ; The image consists of four illustrated white chalk-style icons on a dark background, divided into quadrants under the heading ""AI Infrastructure."" In the top left is a speedometer labeled ""High Performance,"" the top right has a laptop with a lightbulb labeled ""AI Innovation,"" the bottom left shows a rocket labeled ""Develop & Train,"" and the bottom right depicts two simple building icons labeled ""Run Inference."""
2,Product Features,What makes Cirrascale’s AI cloud different from others?,"What sets us apart is that the Cirrascale AI Innovation Cloud is the only cloud service where you can test and deploy across every leading AI accelerator—all in one place. That includes support for AMD Instinct, NVIDIA, Cerebras, and more. It’s all about flexibility, performance, and choice.",Differentiation.png,"Cirrascale’s AI cloud stands out because it’s the only platform letting users test and deploy across every major AI accelerator, such as AMD Instinct, NVIDIA, and Cerebras, all in one place. This unique flexibility and breadth of support empower innovators with superior performance and a wide array of choices for their AI workloads. The image highlights these differentiators by emphasizing the ability to test/deploy, access every accelerator, use an all-in-one system, and prioritize user choice. It all reinforces the cloud’s core value of flexibility and unparalleled selection. ; The image is split into four quadrants, each containing a simple white icon and label on a dark teal background. The top left shows a rocket labeled “Test & Deploy,” the top right shows a GPU icon labeled “Every Accelerator,” the bottom left has a cloud with server racks labeled “All-In-One,” and the bottom right displays a checkmark inside a circle labeled “Choice.” At the top, the heading reads “AI CLOUD DIFFERENTIATORS” in large, hand-drawn text."
3,User Experience,How can Cirrascale help me optimize my AI workflow?,"Cirrascale helps you streamline your AI operations with tailored multi-GPU server and storage solutions. That means you get improved workflow efficiency, fewer technical bottlenecks, and faster delivery of your AI models to market.",Optimize AI Workflows.png,"Cirrascale can significantly boost your AI workflow by providing custom multi-GPU server and storage solutions that enhance efficiency and minimize technical roadblocks. This leads to smoother operations and allows you to bring your AI models to market faster. The image highlights the key benefits of Cirrascale’s offerings, emphasizing multi-GPU support, storage, improved efficiency, and speedier delivery. These components work together to ensure a seamless and optimized AI development pipeline.; The image features a dark teal background with the large header “OPTIMIZE YOUR AI WORKFLOW” at the top. Below, four white hand-drawn icons are arranged in a 2x2 grid: a pair of stacked server boxes labeled “Multi-GPU Servers,” a cylindrical database icon labeled “Storage Solutions,” a cogwheel labeled “Improved Efficiency,” and a simple rocket icon labeled “Faster Delivery.” The text for each label is handwritten and placed beneath the corresponding icon."
4,User Experience,Do I need to worry about DevOps with Cirrascale?,Not at all. Cirrascale provides professional and fully managed services—so you don’t need to worry about DevOps. Our goal is to help you focus on innovation while we handle the infrastructure.,Not Required,N/A - No image filename
5,Charges,Are there any data transfer fees?,Nope! One of the key benefits of Cirrascale is that there are zero ingress or egress data transfer fees. That means you can move data in and out of the cloud without worrying about extra costs.,Not Required,N/A - No image filename
6,Product Features,What kind of performance should I expect?,"You can expect high throughput, low-latency networking, and infrastructure tuned for today’s most demanding AI workloads. Whether you're running large models or real-time inference, we’re built for speed and scale.",Expected Performance.png,"You can expect high performance with high throughput, low-latency networking, and infrastructure specifically optimized for demanding AI workloads. This setup supports both running large models and enabling real-time inference, ensuring speed and scalability for your applications. The visual conveys how the system is designed to handle intensive AI tasks efficiently, providing reliable and rapid processing. The overall message is that the infrastructure is built to deliver top-tier speed and responsiveness for modern AI needs.; The image has a dark green chalkboard-like background with white, hand-drawn style graphics and text. At the top, large capital letters spell ""EXPECTED PERFORMANCE."" Four distinct sections are arranged in a 2x2 grid: the top left has a circle with an upward arrow labeled ""High Throughput,"" the top right displays a triangle of three connected circles labeled ""Low-Latency Networking,"" the bottom left shows a simple server rack icon labeled ""AI-Tuned Infrastructure,"" and the bottom right features a speedometer illustration labeled ""Real-Time Inference."" Each element is sketched in white, matching the uniform, informal chalkboard aesthetic."
7,Company Background,What is the history of Cirrascale Cloud Services?,"Cirrascale began as a premier developer of blade and rackmount solutions, leveraging patented Vertical Cooling Technology and proprietary PCIe switch riser technology to provide dense multi-GPU platforms. In late 2015, we launched a cloud service for multi-GPU solutions. By early 2017, Cirrascale Corporation sold its hardware business and spun off the cloud services division as a separate company, Cirrascale Cloud Services, which continues to expand its Infrastructure-as-a-Service offerings.",Not Required,N/A - No image filename
8,Company Values,What values guide Cirrascale's operations?,"Our operations are guided by integrity, agility, customer-centricity, and expertise. We lead with honesty, adapt quickly to evolving challenges, focus on our customers' needs, and deliver specialized, innovative solutions.",Not Required,N/A - No image filename
9,Partnerships,Who are Cirrascale's partners in the AI ecosystem?,"""We collaborate with leading AI ecosystem partners who have tested their products on our platform. These partners offer their solutions through our cloud service, either included at a flat rate or as standalone products, ensuring you won't receive variable bills.""",Not Required,N/A - No image filename
10,Partnerships,What is Cirrascale's relationship with Red Hat?,Cirrascale Cloud Services is proud to be a Red Hat Certified Cloud Service Provider. This partnership allows us to offer Red Hat's enterprise solutions within our cloud services.,Not Required,N/A - No image filename
12,Product Features,What is the Cirrascale AI Innovation Cloud?,"""The Cirrascale AI Innovation Cloud is a comprehensive cloud solution designed to scale with your needs. It's the only cloud service where you can test and deploy on every leading AI accelerator in one cloud, including AMD Instinct Series, Cerebras, NVIDIA GPU, and Qualcomm Cloud AI.""",AI Innovation Cloud.png,"The Cirrascale AI Innovation Cloud is a flexible cloud platform that supports testing and deploying on all leading AI accelerators in one place, including AMD Instinct Series, Cerebras, NVIDIA GPU, and Qualcomm Cloud AI. It stands out by providing access to diverse hardware for AI innovation, making it the only cloud service with such comprehensive support. This enables organizations to tailor their AI workflows according to their specific needs and seamlessly scale their solutions. The service is designed for rapid experimentation and deployment, supporting modern AI workloads.

The image has a chalkboard-like dark green background with the title ""AI INNOVATION CLOUD"" at the top in large, white, hand-written font. Below the title, the slide is divided into four quadrants, each featuring a large icon with text. The top left shows a microchip icon labeled ""AMD Instinct Series."" The top right displays a circular dot-pattern icon labeled ""Cerebras."" The bottom left presents the NVIDIA ""eye"" logo with ""NVIDIA GPU"" underneath. The bottom right shows a cloud outline with ""AI"" inside and text reading ""Qualcomm Cloud AI.""; N/A"
13,Industry Solutions,What industry solutions does Cirrascale offer?,"""Cirrascale provides tailored solutions for various industries, including Generative AI, Autonomous & Robotics, Computer Vision, High Performance Computing, and Audio Processing. Each solution is optimized to meet the specific demands of these fields.""",Industry Solutions.png,"Cirrascale offers industry-specific solutions designed to meet the diverse needs of sectors such as Generative AI, Autonomous & Robotics, Computer Vision, High Performance Computing, and Audio Processing. Each solution is optimized to address unique technological requirements and workflows in these fields. This ensures organizations can leverage advanced computing capabilities tailored to their industry challenges. The slide highlights these five areas as the main focus of Cirrascale's offerings.; The image features a dark background with five white outlined icons arranged around the text ""INDUSTRY SOLUTIONS OFFERED"" at the top. Below, there are icons for a robot face labeled ""Generative AI,"" a car labeled ""Autonomous & Robotics,"" an eye labeled ""Computer Vision,"" a desktop monitor labeled ""High Performance,"" and a pair of headphones labeled ""Audio Processing."" Each icon is accompanied by its respective industry solution label in a rounded sans-serif font."
14,Product Features,How does the Inference Cloud powered by the Qualcomm AI Inference Suite work?,"""Our Inference Cloud, powered by the Qualcomm AI Inference Suite, offers seamless one-click AI deployment. You can effortlessly swap or add your own models, including generative AI, computer vision, and natural language processing, and build custom applications using popular frameworks.""",Qualcomm Inference Cloud.png,"The Qualcomm Inference Cloud simplifies AI deployment with the AI Inference Suite, enabling effortless integration and management of advanced AI models. Users can easily deploy, swap, or add models for tasks like generative AI, computer vision, and natural language processing. This versatility gives developers flexibility to customize applications using popular frameworks. The platform is designed for seamless, one-click deployment, ensuring a user-friendly experience; 
The image is a dark background slide with the heading ""QUALCOMM INFERENCE CLOUD"" at the top. It features four hand-drawn-style icons arranged in a 2x2 grid: a lightning bolt (top left) labeled ""One-Click Deployment,"" a circular arrow (top right) labeled ""Swap/Add Models,"" a stylized brain (bottom left) labeled ""Generative AI,"" and a speech bubble with three dots (bottom right) labeled ""Language Processing."" Each icon is paired with its descriptive text below or beside it."
15,Partnerships,What benefits do NVIDIA Inception members receive from Cirrascale?,"""Cirrascale helps NVIDIA Inception members maximize their program benefits. Whether you're a community or premier member, we provide support to help you get the most out of your membership.""",Not Required,N/A - No image filename
16,Product Features,What is the Multi-GPU Compute offering?,"""Our Multi-GPU Compute service is designed for those starting GPU-accelerated application development or looking to advance their production and training applications. We provide the features you need in a cloud-hosted environment that's unmatched.""",Not Required,N/A - No image filename
17,Product Features,What is the Cirrascale Inference Platform?,"""The Cirrascale Inference Platform is built to support enterprise-scale deployment of generative AI models like LLMs, image, audio, and video models. It goes beyond traditional hyperscalers by offering predictable costs, smart workload balancing, and tailored AI services to match your unique requirements.""",Inference Platform.png,"The Cirrascale Inference Platform is designed for enterprise-scale deployment of advanced AI, supporting models for language, image, audio, and video processing. It differentiates itself from traditional hyperscalers by ensuring predictable costs, optimized workload balancing, and customized AI solutions for specific business needs. The platform empowers organizations to efficiently deploy generative AI services with the assurance of cost and performance. This enables diverse applications across AI-powered content generation and intelligent media analysis. ; The image features a chalkboard-style graphic with the title ""Inference Platform Power"" at the top. Below are five sections: a brain icon labeled ""Generative AI Models,"" a clapperboard labeled ""Image & Video AI,"" a speaker labeled ""Audio Processing,"" a bar chart labeled ""Predictable Costs,"" and a balanced scale labeled ""Workload Balancing."" Each section uses simple, line-drawn icons with descriptive text underneath, arranged in two rows."
18,User Experience,How does the platform help optimize workload performance and cost?,"""Great question! Cirrascale intelligently selects the best AI accelerators and dynamically balances workloads across regions to reduce peak-time pressures. This means optimized performance without blowing your budget—perfect for real-time apps or batch jobs.""",Optimize Performance & Cost.png,"The platform helps optimize workload performance and cost by selecting the best AI accelerators, balancing workloads across regions, efficiently handling peak loads, and providing both cost efficiency and flexibility for real-time or batch processing. These features ensure consistently high performance while keeping budget concerns in check, making the platform ideal for a variety of application needs. Key benefits include smart resource utilization, automated regional distribution, and dynamic workload adaptation. The focus is on maximizing output without overspending. Optimizing performance is achieved alongside significant cost savings.;

The image has a dark green background with white, hand-drawn-style icons and text. At the top, it reads ""OPTIMIZE PERFORMANCE & COST."" Below are five icons arranged in two rows: a GPU icon labeled ""Smart Accelerator Use,"" a globe labeled ""Regional Balancing,"" a stopwatch labeled ""Peak Load Handling,"" a downward graph labeled ""Cost Efficiency,"" and a brain labeled ""Real-Time & Batch."" The icons and text are evenly spaced, presenting a clear visual summary of ways to optimize performance and cost."
19,Product Flexibility,Can I deploy custom-tuned or proprietary AI models?,"""Absolutely. You can deploy your own fine-tuned or proprietary models with custom weights or parameters. Cirrascale also offers Retrieval-Augmented Generation (RAG) capabilities and even lets you run model pipelines alongside on-prem or hyperscaler workflows.""",Not Required,N/A - No image filename
20,Product Features,What GPUs and accelerators does the platform support?,"""We’re premiering with NVIDIA’s latest Blackwell B200, RTX PRO 6000 Blackwell Server Edition, and Hopper H100 and H200 GPUs. The platform is designed to take advantage of the newest and most powerful AI accelerators available.""",Not Required,N/A - No image filename
21,Charges,How is pricing structured for the Inference Platform?,"""Pricing is based on token volume for the specific AI model used in your pipeline. It gives you clear and predictable costs based on your actual usage—no surprises.""",Not Required,N/A - No image filename
22,User Experience,Is it complicated to deploy and manage models on this platform?,"""Not at all. Cirrascale offers a web console-based deployment experience—no SSH needed. You also get monitoring tools for performance analysis and API access using standard OpenAI and other interfaces.""",Not Required,N/A - No image filename
23,Product Flexibility,Can I reserve capacity for short-term bursts in demand?,"""Yes, you can reserve capacity for time-based bursts, which is perfect if you're anticipating a spike in usage. This ensures you're always ready to scale when needed.""",Not Required,N/A - No image filename
24,Product Features,What is the Qualcomm Cloud AI solution in the Cirrascale AI Innovation Cloud?,"""The Qualcomm Cloud AI solution uses the Cloud AI 100 Ultra to deliver optimized, cost-effective AI inference at scale. It supports GenAI, NLP, and CV, and now includes bare-metal access with the Inference Cloud powered by Qualcomm for high performance and flexibility.""",Not Required,N/A - No image filename
25,Product Features,What are the benefits of using AMD Instinct Series in Cirrascale’s AI Innovation Cloud?,"""The AMD Instinct Series offers large memory density, high bandwidth, and precision capabilities for demanding AI and HPC workloads. It includes pre-installed ROCm software, easy onboarding, and optimized performance for LLMs and Generative AI tasks.""",AMD Instinct Benefits.png,"The AMD Instinct Series provides significant advantages for AI and HPC workloads in Cirrascale’s AI Innovation Cloud, such as large memory capacity, high bandwidth, and robust precision computing capabilities. These GPUs are specially optimized for large language models and generative AI applications, making onboarding seamless with pre-installed ROCm software. Users benefit from improved performance, scalability, and easier deployment when running demanding AI tasks. The solution is designed to accelerate innovation for both development and production environments.; The image features a dark background with “AMD Instinct Benefits” written in large text at the top. Below this, five sketched icons with accompanying captions are displayed in two rows. The first row has a brain with a lightning bolt and the text “Generative AI Ready,” a bar chart with an upward arrow and “High Bandwidth,” and a calculator icon with “Precision Compute.” The second row displays a briefcase with “Large Memory” and a cogwheel labeled “ROCm Preinstalled.” All icons and text are evenly spaced, presented in a simple hand-drawn, chalk-like style."
26,Product Differentiation,What makes Cerebras AI Model Studio different from traditional cloud solutions?,"""The Cerebras AI Model Studio hosted by Cirrascale provides push-button simplicity, millions of AI cores, predictable performance, and no distributed computing headaches. It’s designed for fast, cost-effective training of models up to 175B parameters, all at a fixed price.""",Cerebras Model Studio.png,"Cerebras AI Model Studio stands out from traditional cloud solutions by offering user-friendly simplicity, massive AI core resources, reliable performance, and eliminating the difficulties of distributed computing. It allows for efficient and cost-effective model training up to 175 billion parameters, with costs kept predictable through fixed pricing. The platform is designed to make enterprise AI training accessible and straightforward, removing several common pain points in model development. These differentiators are intended to provide clear advantages over standard cloud-based offerings.; The image displays a dark background with the title ""Cerebras Model Studio"" at the top. Below the title, five white icons with corresponding text are arranged in a grid: a computer mouse labeled ""Push-Button Simplicity,"" a brain labeled ""Millions of AI Cores,"" a stopwatch labeled ""Predictable Performance,"" a crossed-out X labeled ""No Distribution Issues,"" and stacked coins with a dollar sign labeled ""Fixed-Price Training."" The overall design is minimalistic and uses consistent, hand-drawn style graphics."
27,Product Flexibility,Can I fine-tune or train my models from scratch using Cerebras on Cirrascale?,"""Yes, you can either fine-tune pre-trained models or train models from scratch using dedicated Cerebras CS-2 clusters. Cirrascale offers flexible options including standard self-service and white-glove support for enterprise-grade needs.""",Not Required,N/A - No image filename
28,Product Features,What NVIDIA GPU solutions are available through Cirrascale?,"""Cirrascale hosts NVIDIA HGX B200, H200, and H100 clusters. These offer unmatched multi-GPU bandwidth, NVLink/NVSwitch interconnects, and extensive AI software support for advanced training, fine-tuning, and inference needs.""",Not Required,N/A - No image filename
29,Charges,How does Cirrascale ensure cost transparency for NVIDIA solutions?,"""Cirrascale provides a flat-rate billing model with no ingress or egress fees. This ensures predictable costs and no hidden charges, making it easier to budget your AI cloud infrastructure spend.""",Not Required,N/A - No image filename
30,Scalability,Is Cirrascale suitable for large-scale LLM training and inference?,"“Absolutely. With support for configurations like HGX H200 and Cerebras clusters, Cirrascale enables training of models beyond 175B parameters and offers the performance, memory, and scalability required for enterprise-grade LLM workloads.""",Not Required,N/A - No image filename
31,Industry Solutions,How does Cirrascale support Generative AI workloads?,"""Cirrascale offers a purpose-built infrastructure for Generative AI—covering pre-training, training, and real-time inference. Whether you’re building with LLMs, generating images or code, or enhancing models with RAG or tuning, our platform is designed for production-readiness at every step.""",Generative AI Support.png,"Cirrascale provides comprehensive infrastructure support tailored for generative AI workloads, enabling seamless processes from pre-training and model tuning, through to real-time inference. Their platform covers a range of needs including large language models (LLMs), image generation, code creation, and retrieval-augmented generation (RAG) enhancements. This ensures production-readiness and flexibility for various generative AI applications, empowering users to build, refine, and deploy advanced models efficiently. Cirrascale’s infrastructure is designed to meet the demands of modern AI, whether for development, tuning, or robust deployment.

The image is a dark chalkboard-like layout with “GENERATIVE AI SUPPORT” in large white letters at the top. Below, five labeled icons are arranged in a 2x3 grid. The top row: a wrench and gear labeled ""Pre-Training & Tuning,"" a brain and image labeled ""LLMs & Image Models,"" and a monitor with code brackets labeled ""Code Generation."" The bottom row: an open book labeled ""RAG Enhancements,"" and a rocket ship labeled ""Real-Time Inference."" All icons and text are in a white, hand-drawn style.; N/A"
32,Charges,Is Cirrascale cost-effective for scaling generative AI applications?,"""Yes. Cirrascale offers flat-rate billing with no hidden fees—no ingress, no egress, and no surprises. Plus, our managed services take care of access control, scheduling, and setup, so your team can focus on innovation.""",Cost Effective Scaling.png,"Cirrascale is positioned as a cost-effective solution for scaling generative AI applications by providing flat-rate billing, eliminating hidden and egress fees, and offering managed services for access control and scheduling. Their transparent pricing structure allows teams to focus on innovation without worrying about unexpected costs. This makes Cirrascale a practical choice for businesses seeking predictable and manageable expenditures. The visual summary reinforces these advantages as key value propositions for scalable AI infrastructure.;

The image has a dark green background with the large headline ""COST-EFFECTIVE SCALING"" at the top. Below, there are five simple, hand-drawn style icons, each accompanied by a label: a dollar bill labeled ""Flat-Rate Billing,"" a circle with a slash labeled ""No Hidden Fees,"" a lightning bolt labeled ""No Egress Charges,"" a wrench and screwdriver crossed labeled ""Managed Services,"" and a padlock with a clock labeled ""Access & Scheduling."" Each icon and label is clearly separated and organized in a grid layout, using an off-white color for the drawings and text."
33,Industry Solutions,What problems does Cirrascale solve for Autonomous Systems and Robotics teams?,"""We help eliminate bottlenecks in data processing for ground-truth generation and performance modeling. Our tailored infrastructure handles high-volume data from LiDAR, radar, cameras, and sensors, without the delays or surprise charges you’d get from larger hyperscalers.""",Not Required,N/A - No image filename
34,Product Differentiation,How is Cirrascale better than traditional cloud services for computer vision?,"""Cirrascale leverages powerful GPUs and a range of acceleration options for image and object classification, detection, and tracking. Unlike AWS or GCP, we provide flat-rate pricing with no overages, making long-term vision AI projects more viable.""",Vision AI Advantage.png,"Cirrascale stands out from traditional cloud services by offering strong GPU performance options, dedicated to advancing computer vision tasks such as image classification, object detection, and object tracking. Unlike major competitors like AWS or GCP, Cirrascale uses flat-rate pricing with no overage fees, making it ideal for sustained, large-scale vision AI projects. The slide emphasizes the technical and financial advantages for organizations needing scalable, predictable compute resources. These benefits directly address limitations encountered when using more conventional cloud services for long-term vision AI work. Overall, Cirrascale provides a specialized, cost-effective solution tailored for advanced computer vision workloads.; The image has a dark green background and features a large header at the top reading ""VISION AI ADVANTAGE."" Below the header, there are five icons arranged in two rows: the top row has three icons for ""Image Classification"" (a photo-style picture with mountains and a sun), ""Object Detection"" (a bullseye with an arrow in the center), and ""Object Tracking"" (an eye symbol inside a focus frame). The bottom row has two icons: ""Flat-Rate Pricing"" (a stylized card with a dollar symbol) and ""No Overages"" (a dollar coin with a slash through it). All text and icons are in a light cream color, standing out against the background."
35,Industry Solutions,Can Cirrascale support High Performance Computing (HPC) projects like climate modeling or simulations?,"""Absolutely. Our HPC cloud integrates traditional simulation with AI, ML, and big data analytics. It’s built for demanding workloads—from aerospace to finance—and delivers unmatched GPU performance with cost transparency and expert support.""",Not Required,N/A - No image filename
36,Industry Solutions,Is Cirrascale a good fit for NLP and Audio Processing applications?,"""Definitely. We use powerful NVIDIA GPU clusters to support large-scale NLP and voice-based AI. Whether it's translation, transcription, or digital assistants, Cirrascale delivers the compute needed with predictable pricing and premium support.""",Not Required,N/A - No image filename
37,Product Features,What is the Inference Cloud powered by Qualcomm?,"The Inference Cloud powered by Qualcomm offers one-click deployment of generative AI models and applications using the Qualcomm Cloud AI 100 Ultra. It features a web-based platform, enterprise-grade privacy, and token-based pricing—no complex infrastructure needed.",Qualcomm Inference Cloud 2.png,"The Inference Cloud powered by Qualcomm streamlines the deployment of generative AI models and applications, offering users a simple web-based experience. It utilizes the Qualcomm Cloud AI 100 Ultra for high performance and supports enterprise-grade privacy with a secure infrastructure. The service features token-based pricing, making it cost-efficient and accessible without requiring complex setup. With one-click deployment, users can easily implement and scale AI solutions to meet their needs.; The image is a clean, dark-background slide titled ""QUALCOMM INFERENCE CLOUD"" at the top in large, rounded white letters. Below the title, there are five white line icons arranged in two rows: a lightning bolt labeled ""One-Click Deployment,"" a globe labeled ""Web-Based Platform,"" a brain labeled ""Generative AI Models,"" a lock labeled ""Enterprise Privacy,"" and a ticket with a dollar symbol labeled ""Token-Based Pricing."" Each icon is paired with its descriptive text underneath. The overall design is minimalistic and uses hand-drawn-style graphics and fonts."
38,Partnerships,What support does Cirrascale provide for NVIDIA Inception members?,"Cirrascale helps NVIDIA Inception members with discounted hardware, cloud services, and managed services. Members also get referral discounts, leasing options, and co-marketing support to maximize program benefits.",NVIDIA Inception Support.png,"Cirrascale provides NVIDIA Inception members with a range of valuable support services, including discounted hardware, cloud and managed services, referral discounts, leasing options, and co-marketing assistance. These offerings help members maximize their benefits from the Inception program. Key support areas include cost savings, technical services, and promotional help, making it easier for members to scale and thrive. With these supports, NVIDIA Inception members can access essential tools and opportunities to grow their businesses effectively.; The image features five hand-drawn-style icons with text labels under each. At the top, the text ""NVIDIA INCEPTION SUPPORT"" is centered in large, rounded letters. Below, five icons and their corresponding labels are arranged in two rows. The top row has a price tag labeled ""Discounted Hardware,"" a cloud labeled ""Cloud Services,"" and a wrench labeled ""Managed Services."" The bottom row has a handshake with ""Referral Discounts"" and a megaphone labeled ""Co-Marketing Help."" All graphics and text are in a cream color on a dark teal background."
39,Product Differentiation,What makes Cirrascale’s Multi-GPU Compute environment different?,"Cirrascale provides physical, dedicated GPU servers with the latest accelerators—no virtualization, no outdated hardware. This makes it ideal for deep learning, NLP, and GenAI projects, with flat-rate pricing and fully customizable configurations.",Multi GPU Advantage.png,"Cirrascale’s Multi-GPU Compute environment stands out by offering physical, dedicated GPU servers equipped with the latest accelerators, eliminating the need for virtualization and avoiding outdated hardware. This environment is tailored for high-demand applications such as deep learning, NLP, and GenAI, where computational power and flexibility are crucial. Customers benefit from flat-rate pricing and the ability to fully customize server configurations to suit their project requirements. These features make Cirrascale’s offering particularly attractive for organizations seeking reliable, high-performance compute infrastructure without compromise.; 
The image displays five icons arranged in a grid on a dark green background, each paired with a descriptive label. The icons and text are white: a computer monitor with ""Dedicated Servers,"" a circle with a diagonal slash for ""No Virtualization,"" a lightning bolt for ""Latest Accelerators,"" a robot head with ""GenAI & NLP Ready,"" and a wrench labeled ""Custom Configurations."" The title ""MULTI-GPU ADVANTAGE"" is centered at the top in large, clear font."
40,Infrastructure,What storage options does Cirrascale offer for AI workloads?,"Cirrascale provides local NVMe storage, hot-tier NVMe flash with WEKA Data Platform, and cost-effective S3-compatible object storage. This multi-tiered setup reduces latency, boosts throughput, and eliminates ingress/egress fees.",Not Required,N/A - No image filename
41,Infrastructure,How does Cirrascale ensure high-speed networking for AI workloads?,"Cirrascale uses rail-optimized NVIDIA Quantum InfiniBand networks offering up to 3200Gbps per server. It’s ideal for AI and HPC workloads requiring low-latency, high-throughput performance across dense multi-node environments.",Not Required,N/A - No image filename
42,Scalability,Is the platform scalable and customizable?,"Absolutely. Whether you're scaling up with multiple accelerators or need a custom configuration for your application, Cirrascale offers tailored setups and full-service support to match your exact needs.",Not Required,N/A - No image filename
43,User Experience,Does Cirrascale offer uptime guarantees?,"Yes, Cirrascale provides SLA-backed uptime guarantees across networking, power, and server availability in its West, Central, and East data centers. If they miss the mark, you get credited.",Not Required,N/A - No image filename
