category,question,answer,image_link,generated_caption
Account Based Marketing,How does Reva support Account-Based Marketing (ABM) and help personalize outreach for target accounts?,"Reva supports Account-Based Marketing (ABM) by utilizing ABM-style insights to tailor conversations based on the target account, stakeholder role, and business context. She proactively analyzes market data, digital intent signals, and CRM insights to identify 10 high-potential companies each week. Within each account, Reva maps out the most relevant decision-makers and influencers based on their role, seniority, and past engagement history. 

Furthermore, she automates personalized outreach by sending targeted emails to each stakeholder that include a “Meet Now” button, which launches a real-time, voice-and-visual demo pitch. This immersive experience not only showcases value but also allows for qualification of leads and seamless connection to the sales team if a stakeholder shows high intent, thus accelerating conversion without needing to add headcount.",Account Based Marketing.png,"Reva supports Account-Based Marketing (ABM) by utilizing insights to personalize conversations and automate outreach, identifying high-potential companies and mapping decision-makers to accelerate conversions.; The image shows three black icons below the title ""Account-Based Marketing"": a building with a magnifying glass labeled ""Researches Companies,"" bar charts with a wireless signal labeled ""Identifies Buying Signals,"" and an envelope labeled ""Personalizes Outreach."""
Contract Terms,How does Reva support Account-Based Marketing (ABM) and help personalize outreach for target accounts?,"Reva supports Account-Based Marketing (ABM) by tailoring conversations based on insights related to the target account, stakeholder role, and business context. She proactively identifies high-potential companies each week by analyzing market data, digital intent signals, and CRM insights. For each identified account, Reva maps out the most relevant decision-makers and influencers, allowing for a focused approach.

For personalized outreach, Reva automates the process by sending personalized outbound emails to the stakeholders within those accounts. These emails include a “Meet Now” button that facilitates a real-time, voice-and-visual demo pitch. If a stakeholder shows high intent, Reva qualifies them and smoothly connects them to the sales team, thereby enhancing engagement and conversion rates without increasing headcount.",Contract Terms.png,"Reva enhances ABM by tailoring outreach through personalized emails and identifying key decision-makers, streamlining the engagement process with automated tools; The image displays the text ""CONTRACT TERMS"" at the top with three icons below. The first icon is a calendar showing ""12"" above the text ""12-Month Commitment,"" the second is a door with an arrow pointing right above ""Flat Exit Fee,"" and the third is a circular arrow symbolizing ""Automatic Renewals."""
Customer Support,What kind of customer support and training does Revola provide to help our team effectively utilize the platform?,"Revola provides comprehensive Customer Support &amp; Success Services designed to ensure that users continue to receive value after launch. The support options include:

1. **Ongoing Support Channels**:
   - **Email Support**: Available 24/7 for general inquiries and technical issues.
   - **Live Chat**: Embedded in your dashboard for low-latency assistance, even during peak activity like product launches or webinar follow-ups.

2. **Real-Time Adaptability for Larger Teams**: The platform adapts dynamically across different teams and personas, which can enhance training and support for diverse team members.

These services collectively support teams in effectively utilizing the Revola platform by offering guidance, responsiveness, and strategic insights.",Customer Support.png,"Revola offers comprehensive customer support and training, including continuous guidance and adaptable services for diverse teams; The image displays three icons under the header ""CUSTOMER SUPPORT & TRAINING"": a robot reading a book with the caption ""Training Your Agent,"" a person wearing a headset labeled ""Dedicated Support Team,"" and a graph with an upward trend titled ""Performance Monitoring & Refinement."""
Reporting & Analytics,What analytics and reporting features does Revola provide to track engagement success and ROI?,"Revola provides several analytics and reporting features to track engagement success and ROI, including:

1. **Metrics Tracked**:
   - Total interactions and session duration.
   - Click-through rates and engagement with calls-to-action (CTAs).
   - Conversion rates from conversation to meetings.
   - Lead qualification scoring based on custom rules.
   - Response and engagement levels from Account-Based Marketing (ABM) outreach.

2. **Dashboards and Exports**:
   - An accessible Reva dashboard featuring interactive visualizations of engagement and conversion trends.
   - Flow-by-flow performance comparisons.
   - Exportable reports in CSV or PDF format for deeper analysis or sharing with teams.
   - Custom reporting filters to analyze data by campaign, date, persona, or source.

These features empower teams to make data-driven decisions and optimize their marketing efforts effectively.",Reporting & Analytics.png,"Revola provides comprehensive analytics and reporting features such as ABM performance tracking, conversion analysis, engagement metrics, and historical trends to optimize marketing efforts and track ROI effectively.; The image shows a layout divided into four sections under the title “Analytics & Reporting.” Top left features a computer monitor with a rising bar graph titled ""ABM Performance,"" accompanied by a checklist for ""Conversion Analysis."" Top right displays an eye icon labeled ""Engagement Metrics."" Bottom right shows a rising bar graph titled ""Historical Trends."""
Data Security & Compliance,What measures does Revola take to ensure data security and compliance with industry regulations?,"Revola ensures data security and compliance with industry regulations through several measures:

1. **Encrypted Data Handling**: This protects data from unauthorized access.
2. **Role-Based Access Control (RBAC)**: This restricts system access to authorized users only, enhancing security.
3. **Data Retention Policies**: These policies manage how long data is stored, ensuring compliance with regulations.
4. **GDPR and CCPA-Friendly Architecture**: This indicates that Revola's systems are designed to comply with data protection regulations in the EU (GDPR) and California (CCPA).
5. **Compliance-Ready and Adaptable**: While Revola does not handle sensitive personal or financial data by default, it is designed to meet enterprise requirements and ensure low latency during peak activity events.

Overall, while Revola does not require heavy compliance certifications like HIPAA or SOC2 due to the nature of the data it handles, it incorporates several security and compliance measures to maintain data integrity and protect user information.",Data Security & Compliance.png,"Data Security and Compliance Practices; The image visually represents Revola's data security and compliance measures with four icons: a lock labeled ""Encrypted Data,"" three figures with ""Role-Based Access,"" a document with a clock indicating ""Retention Policy,"" and the text ""GDPR & CCPA"" inside an oval. The title ""Data Security & Compliance"" is at the top, summarizing the measures visually."
Feature Updates,"How often does Revola update its features, and what does the product roadmap look like for future developments?","Revola updates its features on a regular cadence: minor updates and performance improvements occur every 2–3 weeks, major feature drops and UI enhancements are released quarterly, and critical patches and urgent fixes are implemented as needed.

For future developments, the near-term roadmap includes the following features: API expansion for CRM and calendar integrations, dynamic presentation personalization based on real-time user input, and new playbooks.",Feature Updates.png,"Revola updates its features regularly with minor updates every 2–3 weeks, major updates quarterly, and critical patches as needed The future roadmap includes CRM integrations and personalized playbooks.; The image illustrates three sections under the title ""PRODUCT UPDATES & ROADMAP"". On the left, an icon of a calendar represents ""Biweekly Updates"". In the center, a smiling robot icon symbolizes ""Quarterly Feature Drops"". On the right, a signpost icon labeled ""Future Roadmap"" highlights ""All Major CRM Integrations"" and ""Industry Specific Agents""."
Lead Qualification Process,How does Reva utilize AI to analyze target accounts and identify high-value customers?,"Reva utilizes AI by analyzing market data, digital intent signals (such as job postings, tech adoption, and web visits), and CRM insights to identify high-potential companies each week. This signal-based prospect discovery allows her to prioritize accounts that are showing strong buying signals. Additionally, she performs stakeholder mapping to identify the most relevant decision-makers and influencers within those accounts. Reva then engages in automated, personalized outreach to these stakeholders, using smart visuals and defined call-to-actions, which further aids in finding ready-to-buy customers. Overall, Reva helps focus on the right accounts at the right time by combining behavioral data with custom qualification logic.",Lead Qualification.png,"Reva leverages AI to analyze market data and digital signals, helping prioritize high-potential accounts and engage stakeholders through personalized outreach.;The image depicts a conceptual framework titled ""Lead Qualification"" featuring a central AI robot icon with arrows pointing to four elements: a megaphone labeled ""Automates Outreach,"" a circle labeled ""ABM,"" a dollar-sign magnifying glass labeled ""Identifies Buying Intent,"" and a person with a speech bubble labeled ""Interacts & Qualifies."""
Onboarding Process,"What is the average timeline for onboarding and implementation of Reva, and what resources are required from our end?","The average timeline for onboarding and implementation of Reva is four weeks. The timeline is broken down as follows:

- **Week 1:** Kickoff &amp; Document Sharing
- **Week 2:** Training Reva + Initial Testing
- **Week 3:** Go Live (Soft Launch) + QA
- **Week 4:** Performance Review + Iteration

By the end of Week 4, most customers see their first qualified meetings and inbound engagement.

The resources required from your end include:

- Access to the onboarding portal
- Product documentation, sales assets, FAQs, and other relevant materials
- Any discount codes or language preferences
- Participation in an optional live onboarding call with the success manager

Additionally, it is recommended to share clean, well-organized product and sales documentation early and to clearly define your target personas and top use cases.",Onboarding Process.png,"The image outlines the four-week onboarding process for implementing Reva, highlighting the key tasks for each week. Resources required include access to the onboarding portal, product documentation, and participation in a live onboarding call.;The image shows a vertical timeline labeled ""4-Week Onboarding"" with four steps. Week 1 is ""Kickoff & Doc Sharing"" with a document icon. Week 2 is ""Train Reva + Initial Testing"" with a cartoon robot labeled ""AI."" Week 3 is ""Go Live – Soft Launch + QA"" with a magnifying glass and arrow icon. Week 4 is ""Performance Review + Iteration"" with a bar graph and arrow showing growth. An arrow runs vertically along the left side of the text."
Pricing,"What is the pricing model for Revola, and how does it scale with more users or increased engagement?","Revola AI has a tiered pricing model consisting of three distinct subscription options:

1. **Starter Tier**: Priced starting at $2,000 per month, designed for early-stage Go-To-Market (GTM) teams. It includes 1 Reva flow, English language support only, basic reporting, up to 500 outbound interactions (15 minutes), and up to 100 outreaches per month.

2. **Growth Tier**: Priced at $4,000 per month, aimed at mid-market teams scaling their Account-Based Marketing (ABM) efforts. This tier includes all three Reva flows, an ABM module, CRM integration, up to 2,000 outbound interactions, and up to 500 outreaches per month.

3. **Enterprise Tier**: Custom-priced, starting at $6,000 per month, tailored for large or multi-region organizations. It offers unlimited and customizable flows, multilingual support, a dedicated success manager, and the ability to handle custom outreach volumes ranging from 1,000 to over 5,000 interactions per month.

The pricing scales with increased engagement as moving from the Starter to the Growth or Enterprise tiers provides additional outbound interactions and outreach capabilities, accommodating larger teams and more intensive marketing efforts.",Pricing.png,"The image displays Revola AI's pricing model, illustrating three subscription tiers designed to scale with user engagement: Starter, Growth, and Enterprise, each offering increasing capabilities and services.;The image is a chart titled ""Pricing Plans"" with three columns labeled Starter, Growth, and Enterprise. The Starter tier is priced at $1,000 per month, offering 1 Reva flow, English support, basic reporting, with up to 200 outbound interactions and 50 accounts. The Growth tier costs $4,000 per month, includes all 3 Reva flows, ABM module, CRM integration, 1,000 outbound interactions, and 200 accounts. The Enterprise tier is custom-priced, offering unlimited flows, customization, multilingual support, and custom outreach for 1,000 to over 5,000 accounts. Add-ons are listed below, including additional outbound volume, accounts, and multilingual support, each with a specified monthly cost."
Product Accessibility,"What is the overall user experience like when interacting with Reva, particularly for users who may not be tech-savvy?","The overall user experience when interacting with Reva is designed to be engaging and user-friendly, particularly for users who may not be tech-savvy. Reva provides voice-led interactive demos that adjust in real time, making the experience feel more like a helpful guide rather than a sales pitch. The visuals and messaging are tailored to be relevant to the user’s company, role, and needs, which helps in maintaining attention and addressing specific interests. Additionally, since Reva is trained on the company's unique content and messaging, every interaction mimics a conversation with a knowledgeable representative, ensuring that even non-tech-savvy users can navigate and understand the information being presented.",User Experience.png,"User experience interacting with Reva is intuitive and engaging, especially for non-tech-savvy users, due to real-time adjustments and personalized guidance. Reva's design ensures interactions are friendly and crafted to mimic conversations with a knowledgeable representative.; The image features a central smiling robot head labeled ""AI"" with arrows pointing to different icons: a browser window with ""Meet Now"" labeled ""Starts Instantly,"" a speech bubble with a smiley face labeled ""Adjusts Tone & Messaging,"" a calendar with a clock labeled ""Qualifies & Books Meetings,"" and a person with a headset labeled ""Leads Voice-Led Chat."" The text ""User Experience"" is at the top."
Product Integrations,How does Revola integrate with existing tools and platforms we currently use in our sales and marketing stack?,"Revola integrates with existing tools and platforms in your sales and marketing stack through seamless native and custom integrations. It supports popular platforms such as CRMs (Salesforce, HubSpot, Pipedrive, Zoho) and marketing automation tools (Marketo, Outreach, Mailchimp, Pardot). Additionally, it integrates scheduling tools like Calendly, Chili Piper, and Google Calendar. These integrations allow Revola to push qualified leads directly into your CRM, log summaries of conversations and engagement data, trigger automated workflows in your marketing tools, and align conversations with campaigns and lead sources. Moreover, Revola provides a secure REST API, enabling custom integrations with in-house tools and facilitating real-time lead syncing using webhooks and event-based interactions.",Product Integration.png,"Revola integrates seamlessly with existing sales and marketing tools through native and custom integrations, including CRMs and marketing automation platforms, enhancing workflows and real-time syncing.;The image illustrates a cloud labeled ""AI"" at the top, with arrows pointing towards and from various platform logos like Salesforce, HubSpot, Zoho, Pipedrive, Google Calendar, and others. Below the cloud, there's a smiling face with a headset, labeled ""Integrations,"" symbolizing connection and communication between these platforms."
Product Scalability,"How scalable is the solution for handling an increasing volume of leads, and what performance guarantees can you provide?","The solution is highly scalable, designed to manage an increasing volume of leads seamlessly. It can handle thousands of simultaneous interactions without delay or degradation in experience. The cloud-native backend supports high-concurrency scenarios, ensuring low latency even during peak activity. This enables AI-powered, account-based marketing (ABM)-personalized outreach at scale, allowing for instant scaling of outreach without the need for hiring new representatives or continuous training. Overall, the infrastructure is built for performance under high volume, guaranteeing efficiency and effectiveness as lead volume increases.",Product Scalability.png,"The solution is designed to efficiently scale and manage high lead volumes with cloud-native technology, ensuring performance without hiring additional representatives.; The image features a smiling character with a headset labeled ""AI,"" a cloud with connected servers, and an upward arrow graph. Text beside it reads: ""Handles growing lead volumes,"" ""Cloud-native backend,"" and ""Low-latency performance,"" highlighting scalability."
Product Trial,Is there an option for a trial period or proof of concept to assess Reva's effectiveness in our specific use case?,"Yes, there is an option for a trial period or proof of concept (POC) to assess Reva's effectiveness in your specific use case. They offer a paid Trial/POC program for $2,000, which includes one month of full access, 1 Reva flow with basic customization, coverage for up to 200 outbound contacts, analytics, and success tracking. Additionally, there is an option to upgrade to a full plan with no data loss after the trial period.",Product Trial.png,"The image outlines the details of Reva's trial period, which costs $2,000 and includes a month of full access and various features geared towards assessing its effectiveness. This reflects the context where a trial period option is available, providing an opportunity to evaluate Reva with full customization and analytics.; The image consists of four main sections with icons and text. At the top, there's a large dollar sign above the words ""PROOF OF CONCEPT $2,000."" Below this are three sections with icons and text: a calendar icon next to ""One month of full access,"" a flowchart icon next to ""Single Reva playbook w/ customization,"" and a graph icon next to ""Outbound & performance tracking."""
"Product Features
(Identifying accounts)",How does Reva identify and prioritize the right accounts to target based on buying intent and ICP fit?,"Reva identifies and prioritizes the right accounts to target based on buying intent and ICP fit by combining behavioral data with custom qualification logic. This allows her to highlight high-intent prospects, prioritize accounts showing strong buying signals, and refine the ideal customer profile (ICP) based on engagement outcomes. Additionally, she analyzes behaviors and market data to focus on the right accounts at the right time, ensuring outreach is optimized for segments that demonstrate the highest conversion potential.",Product Feature Identifying Accounts.png,"Reva identifies and prioritizes accounts using customized logic to target high-intent prospects aligned with ideal customer profiles, optimizing outreach for conversion potential; The image depicts a dark-themed dashboard from ""revola"" with a section titled “Ideal Customer Profile (ICP)”. It displays a table with columns for ICP Name, Pain Points, Decision Makers, Users, and Revenue Potential. Three profiles like ""Technology Startups"" and ""Finance Mid Market"" highlight respective details under each column. A sidebar on the left shows menu options such as ""Company Research"" and ""Prospect Discovery""."
"Product Features
(Outreach)",What makes Reva’s outreach approach more effective compared to traditional outbound campaigns?,"Reva's outreach approach is more effective compared to traditional outbound campaigns due to several key factors:

1. **AI-Powered, Personalized Outreach**: Reva employs AI-powered, account-based marketing (ABM) that allows for personalized outreach at scale, which significantly enhances efficiency compared to the manual research and SDR-driven messaging used traditionally.

2. **Real-Time Engagement**: While traditional methods rely on static forms, emails, and PDFs, Reva utilizes voice-led and visual engagement in real-time, providing a more interactive experience for prospects.

3. **Faster Lead Experience**: Prospects using Reva's approach can complete their research instantly and get answers quickly, resulting in higher conversion rates compared to leads that must wait for responses under traditional methods.

4. **Instant Scalability**: Traditional outbound methods require hiring, onboarding, and ongoing training of new representatives, which limits scalability. In contrast, Reva allows for instant scaling of outreach without the need for new hires.

These factors together contribute to a more efficient, scalable, and ultimately more effective outreach strategy with Reva.",Product Feature - Outreach.png,"Reva's AI-powered personalized outreach enhances scalability and efficiency in marketing, using real-time engagement and instant scalability for improved conversion rates.;The image shows a webpage with a purple gradient background and bold white text stating, ""Accelerate Your Growth with AI-Powered Personalization."" Below, there's a personalized message addressing ""Juan"" as a Channel Account Manager, encouraging the use of Revola AI tools. A ""Get Started"" button is centrally placed. The lower section is split into two parts labeled ""Overview"" and ""Initiatives"" with descriptions about Auvik Networks Inc. and SaaS initiatives."
"Product Features
(AI Demo Agent)","How does Reva function as an AI demo agent, and what tasks can she handle during live customer interactions?","Reva functions as an AI demo agent by combining real-time conversational capabilities with dynamic visual presentations. During live customer interactions, she can handle several tasks:

1. **Personalized Engagement**: Reva personalizes every interaction, adapting her approach based on the target account and the stakeholder's role and business context.

2. **Dynamic Presentations**: She supports conversations with visual elements such as slides and product views, creating an immersive experience.

3. **Lead Qualification**: Reva qualifies leads by analyzing customer interactions and market data, determining which prospects are ready to buy.

4. **Showcasing Value**: She highlights the value of the product during discussions to effectively engage potential customers.

5. **Identifying Ideal Customers**: Reva helps focus efforts on identifying and prioritizing accounts that are showing buying signals.

6. **Call-to-Actions**: She executes defined call-to-actions during interactions, such as booking meetings, handing off to sales, or sharing resources.

7. **Accelerating Conversion**: By creating a parallel pipeline without adding headcount, Reva helps in accelerating conversion rates through efficient customer engagement.

Overall, Reva enhances the sales and marketing process by providing a seamless integration of voice and visual aids in customer interactions.",Product Feature - AI Demo Agent.png,"Reva serves as an AI demo agent capable of personalizing customer interactions, qualifying leads, showcasing product value, and executing call-to-actions to enhance conversion rates.;The image features a simplistic, purple cartoon robot, Reva, with a smiling face and wearing a headset within a circular background. Below, the text reads ""Meet Reva"" followed by a description of Reva as an AI sales assistant using voice and visual technology for product demonstrations. There is a prominent ""Start Demo"" button, and icons indicating features such as ""Voice Enabled,"" ""Smart Responses,"" and ""Customizable"" are displayed at the bottom."
User Experience,"What is the user experience like for both our team and potential customers when engaging with Reva, and how accessible is it for various user types?","The user experience for both your team and potential customers when engaging with Reva is designed to be interactive and personalized. Your team reviews Reva's responses and demo flows to ensure accuracy, and may request additional material for better coverage, which reflects a collaborative approach to refining the AI's capabilities. Once approved, Reva integrates seamlessly into your website, outbound messages, or campaigns, enabling 'Meet Now' links to go live for instant user engagement.

For potential customers, Reva acts as a voice-first AI agent that combines real-time conversation with dynamic visual presentations, making interactions more engaging and informative. Its design for sales and marketing use cases allows for personalized interactions whether through outbound outreach, live demos, or product education.

Reva also shows accessibility for various user types, as it adapts messaging, visuals, and flows based on the roles, segments, or priorities of different teams within your organization—such as SDRs, marketers, and customer success teams. This flexibility helps ensure that the experience is tailored to meet the needs of diverse users, from fast-scaling startups to enterprises with multi-regional teams. Overall, the integration and functionality of Reva aim to enhance user engagement while allowing your organization to manage growth without the need to increase headcount.",Users Experience.png,"Reva offers a personalized and engaging experience for both teams and customers, with features like easy navigation and automated research for teams, and interactive demos for customers. It adapts to different user needs, enabling efficient engagement without increasing headcount.;The image shows a central cartoon robot labeled ""Reva,"" with two sections labeled ""Team’s Experience"" and ""Customer’s Experience."" Arrows from Reva point to bullets in each section. On the left, it states: ""Easy to Navigate,"" ""Automated Research & Outreach,"" and ""Qualified Ready Leads."" On the right, it lists: ""No forms or callbacks,"" ""Interactive Instant Demos,"" and ""No meeting stress."""
Product Customization,Can the functionalities of Reva be customized or tailored to fit our unique sales processes and customer engagement strategies?,"Yes, the functionalities of Reva can be customized or tailored to fit your unique sales processes and customer engagement strategies. Reva is fully customizable to reflect your brand, voice, and go-to-market strategy, which includes editing scripts, using your specific content, and tailoring conversations to align with your company's identity. Each ""playbook,"" which serves as a strategic blueprint for engaging prospects, can also be modified to include the right mix of capabilities that suit your needs.",Product Customizations.png,"Seller Insights and Market Segmentation screen for Reva, highlighting customizable functionalities for sales strategies.;The image displays a software interface titled ""Seller Insights & Market Segmentation"" with a section for ""Seller Overview"" underlined in purple. The left sidebar includes navigation options like Company Research, Prospect Discovery, and Seller Product. A central panel provides details under ""Company Context"" and ""Business Summary,"" explaining Revola AI's services. The bottom part lists ""Products"" and ""Use Cases,"" with buttons for additional learning, all set against a dark-themed background."